,gamma=0.5,gamma=1.0,gamma=1.5,gamma=2.0
rho=0.3,0.0164979377577803,0.013764994270629383,0.011291857748550682,0.024109150665974743
rho=0.5,0.008011017853537528,0.006302307703465182,0.0074485881572495805,0.03479790117050097
rho=0.7,0.002884254852758783,0.014881858926939606,0.04004787863055581,0.05351582771146857
rho=0.9,0.00013700210550604552,0.028603338990180305,0.06928701220039801,0.08563253185723352
